Name,Team,xBA,xSLG,xwOBA,Barrel%,HardHit%,Max EV,xwOBA_vs_R,xwOBA_vs_L,Batting_Order,PA_L14,xwOBA_L14,Hit_Prob_Score,HR_Prob_Score
Alika Williams,ATH,0.268,0.408,0.305,6.9,34.4,108.5,0.299,0.29,6,28,0.274,54.5,44.5
Carlos Cortes,ATH,0.265,0.421,0.351,7.5,37.4,108.8,0.344,0.333,6,17,0.133,41.6,47.2
Donovan Walton,ATH,0.286,0.456,0.375,8.1,40.3,109.0,0.367,0.356,6,23,0.288,54.5,51.0
Henry Bolte,ATH,0.264,0.358,0.356,6.9,34.4,108.5,0.349,0.338,6,39,0.425,67.2,42.0
Jacob Wilson,ATH,0.275,0.402,0.317,6.9,34.7,108.5,0.311,0.301,6,47,0.206,61.3,44.4
Jeff McNeil,ATH,0.256,0.34,0.322,6.4,31.9,108.2,0.316,0.306,6,39,0.374,63.8,39.4
Jonah Heim,ATH,0.233,0.44,0.296,7.1,35.5,108.5,0.29,0.281,6,46,0.276,60.1,46.9
Lawrence Butler,ATH,0.213,0.341,0.319,6.3,31.8,108.2,0.313,0.303,6,41,0.365,60.0,39.2
Tommy White,ATH,0.27,0.304,0.301,5.8,29.0,107.9,0.295,0.286,6,49,0.239,63.5,35.5
Tyler Soderstrom,ATH,0.25,0.472,0.355,8.0,40.1,109.0,0.348,0.337,6,50,0.315,65.8,51.6
Brandon Lowe,PIT,0.259,0.49,0.334,8.0,40.0,109.0,0.327,0.317,6,53,0.392,72.0,52.5
Bryan Reynolds,PIT,0.273,0.454,0.393,8.2,41.1,109.1,0.385,0.373,6,57,0.296,70.6,51.5
Endy Rodríguez,PIT,0.274,0.487,0.394,8.6,42.8,109.3,0.386,0.374,6,32,0.359,61.4,54.3
Esmerlyn Valdez,PIT,0.253,0.605,0.379,9.6,48.0,109.8,0.371,0.36,6,53,0.336,68.6,63.9
Henry Davis,PIT,0.178,0.33,0.286,5.9,29.5,108.0,0.28,0.272,6,24,0.39,49.3,37.1
Jacob Gonzalez,PIT,0.24,0.404,0.302,6.8,34.1,108.4,0.296,0.287,6,30,0.182,48.1,44.1
Jake Mangum,PIT,0.303,0.381,0.366,7.2,36.1,108.6,0.359,0.348,6,56,0.354,76.0,44.3
Jared Triolo,PIT,0.245,0.316,0.333,6.2,31.2,108.1,0.326,0.316,6,28,0.336,55.3,37.6
Nick Gonzales,PIT,0.311,0.407,0.374,7.6,37.8,108.8,0.367,0.355,6,55,0.288,73.0,46.8
Fernando Tatis Jr.,SD,0.285,0.412,0.364,7.5,37.5,108.8,0.357,0.346,6,55,0.342,73.1,46.8
Freddy Fermin,SD,0.191,0.321,0.285,5.8,29.0,107.9,0.279,0.271,6,24,0.406,51.4,36.4
Gavin Sheets,SD,0.22,0.404,0.329,7.1,35.4,108.5,0.322,0.313,6,27,0.274,49.2,45.0
Jackson Merrill,SD,0.245,0.406,0.306,6.9,34.4,108.5,0.3,0.291,6,50,0.395,69.2,44.4
Jake Cronenworth,SD,0.221,0.294,0.321,5.9,29.5,108.0,0.315,0.305,6,54,0.373,67.8,35.3
Jase Bowen,SD,0.16,0.235,0.215,4.2,21.2,107.1,0.211,0.204,6,23,0.232,39.1,26.6
Luis Campusano,SD,0.308,0.505,0.412,8.9,44.6,109.5,0.404,0.391,6,30,0.415,66.5,56.5
Luis Rengifo,SD,0.239,0.313,0.333,6.2,31.1,108.1,0.326,0.316,6,52,0.427,71.2,37.4
Manny Machado,SD,0.217,0.437,0.31,7.2,36.1,108.6,0.304,0.294,6,57,0.331,66.8,47.1
Sung-Mun Song,SD,0.213,0.284,0.332,5.9,29.5,108.0,0.325,0.315,6,19,0.293,45.5,34.8
Ty France,SD,0.293,0.53,0.357,8.6,43.1,109.3,0.35,0.339,6,54,0.404,76.5,56.6
Xander Bogaerts,SD,0.228,0.334,0.335,6.4,32.2,108.2,0.328,0.318,6,46,0.363,64.0,39.2
Cal Raleigh,SEA,0.167,0.318,0.281,5.7,28.7,107.8,0.275,0.267,6,44,0.265,52.0,36.0
Cole Young,SEA,0.27,0.425,0.339,7.4,36.9,108.7,0.332,0.322,6,53,0.449,76.0,47.1
Colt Emerson,SEA,0.204,0.368,0.274,6.2,30.9,108.1,0.269,0.26,6,39,0.297,54.8,40.0
Dominic Canzone,SEA,0.259,0.515,0.347,8.4,41.8,109.2,0.34,0.33,6,52,0.342,69.0,55.0
Josh Naylor,SEA,0.265,0.365,0.338,6.8,33.9,108.4,0.331,0.321,6,49,0.342,68.1,42.0
Julio Rodríguez,SEA,0.263,0.433,0.337,7.4,37.2,108.7,0.33,0.32,6,53,0.355,70.5,47.6
Randy Arozarena,SEA,0.289,0.467,0.393,8.3,41.8,109.2,0.385,0.373,6,53,0.373,74.0,52.5
Taylor Ward,SEA,0.25,0.354,0.396,7.2,36.2,108.6,0.388,0.376,6,38,0.357,61.8,43.0
Weston Wilson,SEA,0.21,0.351,0.301,6.3,31.3,108.2,0.295,0.286,6,23,0.232,44.1,39.5
Bryce Eldridge,SF,0.26,0.449,0.363,7.9,39.4,109.0,0.356,0.345,1,50,0.315,66.8,50.0
Christian Koss,SF,0.172,0.198,0.231,4.0,20.2,107.0,0.226,0.219,6,28,0.229,42.6,24.0
Daniel Susac,SF,0.262,0.407,0.32,7.0,35.1,108.5,0.314,0.304,6,30,0.315,57.0,44.9
Drew Cavanaugh,SF,0.255,0.278,0.379,6.3,31.6,108.2,0.371,0.36,9,21,0.396,55.8,36.0
Drew Gilbert,SF,0.246,0.363,0.342,6.8,34.0,108.4,0.335,0.325,9,29,0.498,64.0,42.0
Grant McCray,SF,0.112,0.224,0.301,5.0,25.0,107.5,0.295,0.286,8,33,0.328,44.1,28.7
Jung Hoo Lee,SF,0.308,0.459,0.353,7.9,39.4,109.0,0.346,0.335,2,50,0.375,74.5,50.5
Osleivis Basabe,SF,0.291,0.772,0.319,10.7,53.3,110.3,0.313,0.303,5,23,0.319,56.5,75.9
Rafael Devers,SF,0.253,0.484,0.337,8.0,39.8,109.0,0.33,0.32,4,55,0.415,73.5,52.1
Willy Adames,SF,0.226,0.418,0.294,6.9,34.4,108.5,0.288,0.279,3,54,0.293,64.2,45.0
Alec Burleson,STL,0.292,0.49,0.366,8.3,41.5,109.2,0.359,0.348,3,58,0.429,79.7,53.5
Blaze Jordan,STL,0.257,0.38,0.286,6.4,32.0,108.2,0.28,0.272,6,46,0.298,63.6,41.4
Bryan Torres,STL,0.237,0.421,0.306,7.0,35.1,108.5,0.3,0.291,7,28,0.372,56.3,45.6
Iván Herrera,STL,0.244,0.383,0.37,7.3,36.4,108.7,0.363,0.351,2,56,0.283,66.5,44.6
JJ Wetherholt,STL,0.253,0.398,0.366,7.4,36.9,108.7,0.359,0.348,1,58,0.36,72.3,45.8
Jimmy Crooks,STL,0.193,0.364,0.279,6.2,30.9,108.1,0.273,0.265,8,25,0.255,44.5,39.8
Jordan Walker,STL,0.29,0.501,0.358,8.3,41.7,109.2,0.351,0.34,6,53,0.298,70.4,54.2
José Fermín,STL,0.242,0.365,0.312,6.5,32.6,108.2,0.306,0.296,4,44,0.224,57.4,41.0
Masyn Winn,STL,0.243,0.327,0.332,6.3,31.7,108.2,0.325,0.315,9,55,0.342,68.9,38.5
Nathan Church,STL,0.241,0.376,0.298,6.5,32.5,108.2,0.292,0.283,5,45,0.379,65.5,41.5
Ben Williamson,TB,0.252,0.342,0.324,6.4,32.0,108.2,0.318,0.308,8,33,0.227,53.0,39.5
Cedric Mullins,TB,0.209,0.367,0.295,6.4,31.9,108.2,0.289,0.28,6,38,0.265,53.1,40.7
Chandler Simpson,TB,0.304,0.367,0.344,6.9,34.3,108.5,0.337,0.327,5,48,0.363,72.5,42.4
Jonathan Aranda,TB,0.29,0.442,0.389,8.1,40.3,109.0,0.381,0.37,2,49,0.321,69.5,50.4
Jonny DeLuca,TB,0.264,0.439,0.308,7.2,36.1,108.6,0.302,0.293,6,29,0.291,55.5,47.2
Junior Caminero,TB,0.289,0.569,0.388,9.3,46.6,109.7,0.38,0.369,3,55,0.324,72.6,61.0
Liam Hicks,TB,0.287,0.449,0.379,8.0,40.1,109.0,0.371,0.36,4,42,0.396,69.5,50.5
Nick Fortes,TB,0.281,0.393,0.332,7.0,35.0,108.5,0.325,0.315,9,21,0.415,59.4,44.2
Richie Palacios,TB,0.231,0.352,0.338,6.7,33.2,108.3,0.331,0.321,7,27,0.274,50.3,40.9
Ryan Vilade,TB,0.258,0.475,0.327,7.8,38.8,108.9,0.32,0.311,9,23,0.276,51.1,51.0
Taylor Walls,TB,0.219,0.29,0.32,5.8,29.2,107.9,0.314,0.304,9,29,0.229,47.9,34.9
Victor Mesa Jr.,TB,0.216,0.446,0.304,7.2,36.2,108.6,0.298,0.289,1,31,0.182,46.2,47.6
Yandy Díaz,TB,0.305,0.468,0.388,8.3,41.5,109.2,0.38,0.369,6,52,0.303,71.7,52.5
Alejandro Osuna,TEX,0.26,0.307,0.362,6.4,32.2,108.2,0.355,0.344,6,20,0.265,49.2,37.9
Austin Wynns,TEX,0.106,0.155,0.166,3.0,14.8,106.5,0.163,0.158,6,16,0.265,31.9,18.1
Brandon Nimmo,TEX,0.279,0.455,0.357,7.9,39.4,109.0,0.35,0.339,3,53,0.411,75.0,50.4
Cam Cauley,TEX,0.197,0.356,0.278,6.1,30.4,108.0,0.272,0.264,9,19,0.068,32.6,39.1
Corey Seager,TEX,0.206,0.392,0.325,6.9,34.6,108.5,0.319,0.309,6,20,0.515,56.3,43.8
Elias Díaz,TEX,0.245,0.436,0.282,6.9,34.6,108.5,0.276,0.268,7,29,0.301,54.0,46.0
Evan Carter,TEX,0.204,0.345,0.328,6.5,32.4,108.2,0.321,0.312,9,46,0.393,63.0,40.0
Ezequiel Duran,TEX,0.281,0.469,0.343,7.9,39.4,109.0,0.336,0.326,2,54,0.385,74.3,51.0
Jake Burger,TEX,0.243,0.431,0.312,7.2,35.9,108.6,0.306,0.296,4,43,0.294,60.5,46.7
Joc Pederson,TEX,0.257,0.51,0.355,8.4,42.0,109.2,0.348,0.337,6,43,0.364,65.4,54.9
Justin Foscue,TEX,0.261,0.491,0.33,8.0,39.8,109.0,0.323,0.314,5,12,0.098,37.0,52.5
Nicky Lopez,TEX,0.287,0.326,0.338,6.4,31.9,108.2,0.331,0.321,8,47,0.276,66.0,38.7
Wyatt Langford,TEX,0.27,0.5,0.331,8.1,40.3,109.0,0.324,0.314,1,56,0.283,69.2,53.2
Alejandro Kirk,TOR,0.24,0.363,0.329,6.7,33.4,108.3,0.322,0.313,6,39,0.374,62.2,41.5
Andrés Giménez,TOR,0.234,0.355,0.288,6.2,30.9,108.1,0.282,0.274,6,36,0.348,58.8,39.4
Brandon Valenzuela,TOR,0.24,0.406,0.326,7.1,35.3,108.5,0.319,0.31,6,15,0.282,45.6,45.0
Davis Schneider,TOR,0.15,0.292,0.295,5.6,28.1,107.8,0.289,0.28,6,15,0.282,36.6,34.2
Ernie Clement,TOR,0.29,0.425,0.325,7.2,36.2,108.6,0.319,0.309,6,53,0.241,67.5,46.5
George Springer,TOR,0.243,0.414,0.336,7.2,36.2,108.6,0.329,0.319,6,55,0.415,72.5,46.0
Kazuma Okamoto,TOR,0.234,0.45,0.317,7.4,37.1,108.7,0.311,0.301,6,53,0.26,62.9,48.5
Luis Urías,TOR,0.245,0.47,0.331,7.8,38.8,108.9,0.324,0.314,6,24,0.307,51.9,50.7
Myles Straw,TOR,0.236,0.359,0.299,6.3,31.6,108.2,0.293,0.284,6,30,0.348,56.0,40.0
Nathan Lukes,TOR,0.271,0.377,0.338,6.9,34.5,108.5,0.331,0.321,6,43,0.248,61.0,43.0
Vladimir Guerrero Jr.,TOR,0.264,0.359,0.353,6.9,34.4,108.5,0.346,0.335,6,45,0.348,66.3,42.0
Alan Roden,MIN,0.219,0.224,0.315,5.1,25.7,107.5,0.309,0.299,6,20,0.315,47.6,29.1
Austin Martin,MIN,0.239,0.32,0.364,6.6,33.0,108.3,0.357,0.346,6,26,0.323,53.0,39.1
Brooks Lee,MIN,0.245,0.426,0.313,7.1,35.7,108.5,0.307,0.297,6,46,0.211,58.0,46.2
Josh Bell,MIN,0.25,0.423,0.32,7.2,35.9,108.6,0.314,0.304,6,42,0.301,61.0,46.3
Kody Clemens,MIN,0.238,0.479,0.304,7.6,37.9,108.8,0.298,0.289,6,47,0.249,59.8,50.5
Luke Keaschall,MIN,0.268,0.372,0.369,7.2,35.8,108.6,0.362,0.351,6,39,0.383,65.5,43.7
Royce Lewis,MIN,0.238,0.427,0.324,7.3,36.3,108.7,0.318,0.308,6,47,0.419,68.2,46.8
Ryan Jeffers,MIN,0.288,0.515,0.396,8.9,44.3,109.5,0.388,0.376,6,44,0.333,67.5,56.8
Ryan Kreidler,MIN,0.237,0.402,0.302,6.8,34.0,108.4,0.296,0.287,6,34,0.25,53.2,43.9
Trevor Larnach,MIN,0.285,0.46,0.385,8.2,41.0,109.1,0.377,0.366,6,35,0.272,59.6,51.7
Victor Caratini,MIN,0.232,0.351,0.324,6.5,32.5,108.2,0.318,0.308,6,25,0.175,44.5,40.3
Alec Bohm,PHI,0.232,0.371,0.299,6.5,32.2,108.2,0.293,0.284,6,51,0.309,64.2,41.2
Brandon Marsh,PHI,0.283,0.457,0.331,7.6,38.1,108.8,0.324,0.314,6,45,0.215,61.5,49.5
Bryan De La Cruz,PHI,0.434,0.772,0.496,12.4,62.1,111.2,0.486,0.471,6,24,0.473,79.0,82.1
Bryce Harper,PHI,0.257,0.506,0.376,8.6,42.8,109.3,0.368,0.357,6,52,0.361,69.8,55.3
Bryson Stott,PHI,0.262,0.42,0.34,7.3,36.8,108.7,0.333,0.323,6,46,0.472,72.8,46.7
Edmundo Sosa,PHI,0.216,0.347,0.265,5.9,29.3,108.0,0.26,0.252,6,16,0.265,42.9,37.9
J.T. Realmuto,PHI,0.227,0.365,0.317,6.6,32.9,108.3,0.311,0.301,6,38,0.357,59.5,41.3
Justin Crawford,PHI,0.268,0.354,0.323,6.5,32.6,108.2,0.317,0.307,6,35,0.358,62.2,40.5
Kyle Schwarber,PHI,0.246,0.532,0.377,8.8,44.2,109.4,0.369,0.358,6,44,0.379,65.5,57.5
Trea Turner,PHI,0.255,0.41,0.312,7.0,34.8,108.5,0.306,0.296,6,53,0.336,68.8,44.9
Austin Riley,ATL,0.227,0.374,0.313,6.6,33.1,108.3,0.307,0.297,6,46,0.341,62.8,41.8
Dominic Smith,ATL,0.271,0.411,0.337,7.2,36.1,108.6,0.33,0.32,6,22,0.379,57.0,45.8
Drake Baldwin,ATL,0.277,0.472,0.378,8.2,41.2,109.1,0.37,0.359,6,57,0.348,73.6,52.4
Jim Jarvis,ATL,0.258,0.383,0.318,6.8,33.8,108.4,0.312,0.302,6,36,0.25,56.3,42.8
Matt Olson,ATL,0.271,0.55,0.358,8.8,44.1,109.4,0.351,0.34,6,55,0.324,70.8,58.4
Mauricio Dubón,ATL,0.267,0.406,0.325,7.1,35.3,108.5,0.319,0.309,6,45,0.265,62.5,45.0
Michael Harris II,ATL,0.295,0.501,0.334,8.1,40.5,109.0,0.327,0.317,6,52,0.284,69.7,53.4
Mike Yastrzemski,ATL,0.235,0.391,0.328,6.9,34.7,108.5,0.321,0.312,6,24,0.307,50.9,43.8
Ozzie Albies,ATL,0.266,0.447,0.326,7.5,37.4,108.8,0.319,0.31,6,53,0.298,68.0,48.5
Ronald Acuña Jr.,ATL,0.245,0.42,0.373,7.7,38.4,108.8,0.366,0.354,6,38,0.278,57.4,47.9
Andrew Benintendi,CWS,0.252,0.445,0.323,7.4,37.1,108.7,0.317,0.307,6,34,0.339,59.2,48.2
Braden Montgomery,CWS,0.234,0.377,0.321,6.7,33.7,108.3,0.315,0.305,6,45,0.326,62.2,42.4
Chase Meidroth,CWS,0.276,0.398,0.362,7.3,36.8,108.7,0.355,0.344,6,48,0.355,69.3,45.6
Colson Montgomery,CWS,0.219,0.455,0.311,7.4,37.0,108.7,0.305,0.295,6,48,0.244,58.1,48.6
Drew Romo,CWS,0.137,0.289,0.232,5.0,24.8,107.5,0.227,0.22,6,23,0.232,36.8,31.8
Luisangel Acuña,CWS,0.249,0.29,0.29,5.5,27.8,107.8,0.284,0.275,6,15,0.215,43.1,33.9
Miguel Vargas,CWS,0.244,0.488,0.359,8.2,41.1,109.1,0.352,0.341,6,54,0.311,67.0,53.1
Munetaka Murakami,CWS,0.246,0.546,0.39,9.1,45.5,109.5,0.382,0.37,6,54,0.385,70.8,59.2
Randal Grichuk,CWS,0.263,0.525,0.306,8.1,40.3,109.0,0.3,0.291,6,19,0.383,55.0,54.5
Sam Antonacci,CWS,0.278,0.414,0.378,7.7,38.4,108.8,0.37,0.359,6,42,0.325,65.1,47.6
Tristan Peters,CWS,0.267,0.42,0.335,7.3,36.5,108.7,0.328,0.318,6,39,0.194,55.9,46.5
Esteury Ruiz,MIA,0.265,0.482,0.389,8.5,42.3,109.2,0.381,0.37,6,20,0.489,61.0,53.8
Griffin Conine,MIA,0.261,0.529,0.359,8.6,43.1,109.3,0.352,0.341,6,41,0.332,63.2,56.6
Heriberto Hernández,MIA,0.238,0.473,0.322,7.7,38.5,108.8,0.316,0.306,6,46,0.254,59.5,50.6
Jakob Marsee,MIA,0.204,0.312,0.334,6.2,31.1,108.1,0.327,0.317,6,35,0.397,57.8,37.4
Javier Sanoja,MIA,0.271,0.409,0.319,7.0,35.1,108.5,0.313,0.303,6,37,0.258,58.5,45.0
Joe Mack,MIA,0.245,0.45,0.308,7.3,36.6,108.7,0.302,0.293,6,29,0.265,52.2,48.1
Kyle Stowers,MIA,0.237,0.462,0.333,7.7,38.5,108.8,0.326,0.316,6,51,0.368,67.6,50.0
Otto Lopez,MIA,0.325,0.487,0.367,8.3,41.4,109.2,0.36,0.349,6,52,0.246,70.8,53.3
Xavier Edwards,MIA,0.292,0.402,0.381,7.6,37.9,108.8,0.373,0.362,6,46,0.326,68.5,46.6
Ali Sánchez,NYY,0.273,0.367,0.315,6.6,32.9,108.3,0.309,0.299,4,19,0.383,56.0,41.4
Amed Rosario,NYY,0.241,0.454,0.291,7.2,36.0,108.6,0.285,0.276,6,25,0.255,49.3,47.9
Austin Wells,NYY,0.174,0.299,0.283,5.6,27.9,107.8,0.277,0.269,9,25,0.335,46.6,34.5
Ben Rice,NYY,0.265,0.56,0.37,9.0,45.2,109.5,0.363,0.351,2,55,0.288,68.4,59.6
Heliot Ramos,NYY,0.266,0.43,0.318,7.2,36.1,108.6,0.312,0.302,5,46,0.319,65.6,46.8
Jazz Chisholm Jr.,NYY,0.222,0.409,0.31,6.9,34.7,108.5,0.304,0.294,7,41,0.259,55.6,44.7
José Caballero,NYY,0.25,0.406,0.313,6.9,34.7,108.5,0.307,0.297,9,34,0.339,59.0,44.5
Luis García Jr.,NYY,0.288,0.57,0.328,8.7,43.6,109.3,0.321,0.312,3,36,0.348,64.2,59.0
Paul Goldschmidt,NYY,0.252,0.463,0.322,7.6,38.0,108.8,0.316,0.306,9,45,0.282,61.8,49.8
Ryan McMahon,NYY,0.217,0.382,0.291,6.5,32.4,108.2,0.285,0.276,8,30,0.315,52.5,41.8
Spencer Jones,NYY,0.218,0.399,0.307,6.8,34.1,108.4,0.301,0.292,6,34,0.25,51.3,43.8
Trent Grisham,NYY,0.216,0.389,0.325,6.9,34.4,108.5,0.319,0.309,1,50,0.199,56.6,43.5
Andrew Vaughn,MIL,0.305,0.489,0.41,8.7,43.7,109.3,0.402,0.389,6,36,0.432,70.1,55.0
Brice Turang,MIL,0.271,0.464,0.375,8.1,40.7,109.0,0.367,0.356,6,53,0.4,73.6,51.7
Christian Yelich,MIL,0.239,0.386,0.333,6.9,34.7,108.5,0.326,0.316,6,44,0.242,58.0,43.5
Cooper Pratt,MIL,0.291,0.391,0.387,7.5,37.6,108.8,0.379,0.368,6,40,0.465,72.3,45.9
David Hamilton,MIL,0.24,0.332,0.328,6.3,31.8,108.2,0.321,0.312,6,30,0.291,53.5,38.8
Garrett Mitchell,MIL,0.262,0.429,0.369,7.7,38.6,108.8,0.362,0.351,6,45,0.304,63.9,48.5
Jackson Chourio,MIL,0.281,0.472,0.348,8.0,39.8,109.0,0.341,0.331,6,54,0.33,71.6,51.5
Jake Bauers,MIL,0.275,0.513,0.39,8.8,43.9,109.4,0.382,0.37,6,36,0.515,71.2,56.4
Joey Ortiz,MIL,0.246,0.367,0.322,6.6,33.2,108.3,0.316,0.306,6,19,0.278,48.0,41.6
Luis Lara,MIL,0.241,0.374,0.363,7.1,35.6,108.5,0.356,0.345,6,36,0.348,59.5,43.6
William Contreras,MIL,0.275,0.408,0.35,7.3,36.6,108.7,0.343,0.332,6,46,0.319,66.5,46.0
Denzer Guzman,LAA,0.236,0.371,0.3,6.5,32.3,108.2,0.294,0.285,6,33,0.288,54.5,41.2
Jose Siri,LAA,0.262,0.47,0.33,7.8,38.8,108.9,0.323,0.314,6,22,0.288,51.6,50.7
Josh Lowe,LAA,0.208,0.36,0.27,6.0,30.2,108.0,0.265,0.257,6,15,0.282,42.4,39.1
Mike Trout,LAA,0.247,0.456,0.401,8.3,41.6,109.2,0.393,0.381,6,46,0.385,67.0,51.9
Nolan Schanuel,LAA,0.28,0.397,0.36,7.3,36.6,108.7,0.353,0.342,6,46,0.298,65.9,45.5
Tyler Heineman,LAA,0.177,0.243,0.241,4.6,22.9,107.3,0.236,0.229,6,16,0.229,37.1,28.2
Vaughn Grissom,LAA,0.262,0.412,0.338,7.2,36.2,108.6,0.331,0.321,6,46,0.363,67.3,45.9
Wade Meckler,LAA,0.312,0.435,0.391,8.0,40.0,109.0,0.383,0.371,6,23,0.363,60.8,49.8
Zach Neto,LAA,0.233,0.429,0.331,7.3,36.8,108.7,0.324,0.314,6,49,0.239,59.8,47.1
Corbin Carroll,AZ,0.25,0.48,0.355,8.1,40.5,109.0,0.348,0.337,6,63,0.332,73.1,52.4
Gabriel Moreno,AZ,0.301,0.445,0.395,8.1,40.7,109.0,0.387,0.375,6,53,0.336,73.4,50.7
Geraldo Perdomo,AZ,0.249,0.378,0.374,7.3,36.3,108.7,0.367,0.355,6,62,0.425,77.2,44.3
Ildemaro Vargas,AZ,0.279,0.423,0.333,7.3,36.5,108.7,0.326,0.316,6,36,0.404,66.1,46.7
James McCann,AZ,0.308,0.485,0.339,8.0,40.0,109.0,0.332,0.322,6,26,0.477,67.7,52.2
Ketel Marte,AZ,0.252,0.45,0.319,7.4,37.2,108.7,0.313,0.303,6,51,0.25,63.2,48.5
Max Kepler,AZ,0.223,0.366,0.301,6.4,32.1,108.2,0.295,0.286,6,41,0.308,58.2,40.8
Nolan Arenado,AZ,0.249,0.438,0.34,7.5,37.6,108.8,0.333,0.323,6,46,0.363,66.0,48.2
Ryan Waldschmidt,AZ,0.303,0.42,0.354,7.5,37.4,108.8,0.347,0.336,6,31,0.499,70.8,47.2
Tim Tawa,AZ,0.237,0.414,0.298,6.9,34.4,108.5,0.292,0.283,6,50,0.301,63.8,44.8
Tyler Locklear,AZ,0.281,0.458,0.386,8.2,40.9,109.1,0.378,0.367,6,25,0.375,59.4,51.5
Carlos Narváez,BAL,0.187,0.277,0.273,5.2,26.2,107.6,0.268,0.259,6,15,0.246,38.5,32.2
Christian Encarnacion-Strand,BAL,0.272,0.543,0.342,8.6,43.0,109.3,0.335,0.325,6,33,0.318,59.6,57.2
Coby Mayo,BAL,0.21,0.44,0.286,7.0,35.0,108.5,0.28,0.272,6,27,0.348,51.9,46.5
Colton Cowser,BAL,0.21,0.333,0.328,6.4,31.8,108.2,0.321,0.312,6,22,0.424,53.2,39.0
Dylan Beavers,BAL,0.248,0.355,0.34,6.7,33.5,108.3,0.333,0.323,6,36,0.321,58.9,41.2
Gunnar Henderson,BAL,0.224,0.404,0.309,6.9,34.4,108.5,0.303,0.294,6,47,0.292,60.5,44.3
Jackson Holliday,BAL,0.249,0.385,0.365,7.2,36.2,108.6,0.358,0.347,6,40,0.44,66.9,44.5
Leody Taveras,BAL,0.226,0.359,0.317,6.5,32.5,108.2,0.311,0.301,6,38,0.209,52.0,40.7
Pete Alonso,BAL,0.253,0.469,0.357,8.0,40.0,109.0,0.35,0.339,6,46,0.319,64.2,51.5
Tyler O'Neill,BAL,0.22,0.413,0.313,7.0,35.0,108.5,0.307,0.297,6,20,0.315,47.8,45.1
Andruw Monasterio,BOS,0.271,0.464,0.337,7.8,38.8,108.9,0.33,0.32,6,48,0.411,71.7,50.4
Anthony Seigler,BOS,0.236,0.39,0.314,6.8,34.0,108.4,0.308,0.298,6,29,0.256,50.9,43.3
Caleb Durbin,BOS,0.252,0.413,0.332,7.2,36.0,108.6,0.325,0.315,6,50,0.453,72.8,45.8
Ceddanne Rafaela,BOS,0.292,0.485,0.344,8.0,40.2,109.0,0.337,0.327,6,52,0.38,74.2,52.4
Connor Wong,BOS,0.248,0.355,0.346,6.8,33.8,108.4,0.339,0.329,6,27,0.163,46.5,41.5
Jarren Duran,BOS,0.211,0.369,0.277,6.2,31.1,108.1,0.271,0.263,6,46,0.371,62.6,40.2
Masataka Yoshida,BOS,0.27,0.399,0.355,7.3,36.4,108.7,0.348,0.337,6,40,0.34,64.0,45.5
Nick Sogard,BOS,0.251,0.343,0.383,7.0,35.0,108.5,0.375,0.364,6,28,0.408,59.5,41.7
Willson Contreras,BOS,0.293,0.55,0.41,9.3,46.8,109.7,0.402,0.389,6,42,0.467,73.7,60.2
Wilyer Abreu,BOS,0.259,0.47,0.342,7.9,39.4,109.0,0.335,0.325,6,53,0.317,68.2,51.1
Alex Bregman,CHC,0.25,0.386,0.352,7.1,35.6,108.5,0.345,0.334,6,55,0.379,71.5,44.2
Carson Kelly,CHC,0.271,0.392,0.368,7.3,36.8,108.7,0.361,0.35,6,35,0.329,61.0,45.3
Dansby Swanson,CHC,0.225,0.42,0.311,7.1,35.3,108.5,0.305,0.295,6,47,0.334,62.7,45.8
Ian Happ,CHC,0.218,0.418,0.341,7.3,36.7,108.7,0.334,0.324,6,50,0.255,59.5,46.5
Michael Busch,CHC,0.248,0.404,0.37,7.5,37.4,108.8,0.363,0.351,6,61,0.277,69.2,46.4
Michael Conforto,CHC,0.236,0.466,0.34,7.8,39.0,108.9,0.333,0.323,6,22,0.333,51.2,50.6
Miguel Amaya,CHC,0.238,0.356,0.356,6.9,34.4,108.5,0.349,0.338,6,22,0.288,49.2,41.9
Nico Hoerner,CHC,0.267,0.377,0.338,6.9,34.5,108.5,0.331,0.321,6,51,0.446,74.5,43.0
Pedro Ramírez,CHC,0.3,0.429,0.368,7.7,38.6,108.8,0.361,0.35,6,40,0.415,70.8,48.5
Pete Crow-Armstrong,CHC,0.293,0.562,0.401,9.4,46.9,109.7,0.393,0.381,6,61,0.425,81.0,61.0
Seiya Suzuki,CHC,0.278,0.491,0.381,8.5,42.3,109.2,0.373,0.362,6,58,0.429,78.2,54.2
Dane Myers,CIN,0.273,0.379,0.379,7.3,36.6,108.7,0.371,0.36,6,41,0.356,65.6,44.5
Elly De La Cruz,CIN,0.282,0.507,0.373,8.5,42.7,109.2,0.366,0.354,6,55,0.415,76.4,55.2
Eugenio Suárez,CIN,0.205,0.393,0.29,6.6,32.9,108.3,0.284,0.275,6,41,0.259,54.0,42.7
JJ Bleday,CIN,0.231,0.468,0.355,8.0,39.9,109.0,0.348,0.337,6,49,0.342,64.7,51.4
Ke'Bryan Hayes,CIN,0.144,0.251,0.21,4.4,21.8,107.2,0.206,0.199,6,23,0.189,35.3,27.9
Matt McLain,CIN,0.197,0.344,0.305,6.2,31.2,108.1,0.299,0.29,6,21,0.253,42.9,39.0
Noelvi Marte,CIN,0.2,0.353,0.254,5.8,29.1,107.9,0.249,0.241,6,34,0.25,49.5,38.0
Sal Stewart,CIN,0.26,0.487,0.35,8.1,40.6,109.0,0.343,0.332,6,50,0.415,71.8,52.8
Tyler Stephenson,CIN,0.257,0.421,0.353,7.5,37.4,108.8,0.346,0.335,6,36,0.487,68.0,47.2
Angel Martínez,CLE,0.233,0.427,0.28,6.8,34.1,108.4,0.274,0.266,6,31,0.187,48.1,45.2
Austin Hedges,CLE,0.277,0.407,0.348,7.3,36.5,108.7,0.341,0.331,6,21,0.301,53.2,45.9
Brayan Rocchio,CLE,0.262,0.39,0.339,7.0,35.2,108.5,0.332,0.322,6,51,0.235,63.5,44.1
Chase DeLauter,CLE,0.281,0.449,0.367,7.9,39.5,109.0,0.36,0.349,6,50,0.375,71.8,50.1
Jo Adell,CLE,0.243,0.404,0.304,6.8,34.1,108.4,0.298,0.289,6,33,0.288,55.2,44.1
José Ramírez,CLE,0.238,0.398,0.346,7.2,35.9,108.6,0.339,0.329,6,41,0.283,58.4,45.0
Nathaniel Lowe,CLE,0.271,0.487,0.353,8.1,40.7,109.0,0.346,0.335,6,37,0.447,68.0,52.8
Patrick Bailey,CLE,0.203,0.323,0.265,5.6,28.1,107.8,0.26,0.252,6,27,0.237,45.6,35.8
Petey Halpin,CLE,0.214,0.319,0.256,5.5,27.5,107.8,0.251,0.243,6,35,0.272,52.5,35.2
Rhys Hoskins,CLE,0.182,0.389,0.323,6.9,34.4,108.5,0.317,0.307,6,19,0.278,41.6,43.5
Steven Kwan,CLE,0.265,0.328,0.377,6.8,34.0,108.4,0.369,0.358,6,51,0.466,75.3,40.2
Travis Bazzana,CLE,0.249,0.402,0.354,7.3,36.5,108.7,0.347,0.336,6,51,0.329,66.8,45.7
Cole Carrigg,COL,0.306,0.52,0.402,9.0,44.8,109.5,0.394,0.382,2,44,0.47,76.1,57.4
Edouard Julien,COL,0.214,0.305,0.34,6.2,31.0,108.1,0.333,0.323,8,15,0.348,46.3,37.0
Ezequiel Tovar,COL,0.212,0.345,0.265,5.8,29.2,107.9,0.26,0.252,9,34,0.379,57.1,37.6
Hunter Goodman,COL,0.259,0.557,0.338,8.7,43.5,109.3,0.331,0.321,4,40,0.29,60.4,58.3
Jake McCarthy,COL,0.298,0.5,0.346,8.2,41.0,109.1,0.339,0.329,1,51,0.231,66.8,53.7
Kyle Karros,COL,0.276,0.438,0.383,8.0,39.8,109.0,0.375,0.364,5,35,0.444,67.3,49.8
Mickey Moniak,COL,0.283,0.581,0.333,8.9,44.4,109.5,0.326,0.316,3,42,0.301,64.3,60.1
TJ Rumfield,COL,0.296,0.47,0.385,8.3,41.5,109.2,0.377,0.366,6,42,0.277,64.5,52.5
Troy Johnston,COL,0.286,0.398,0.362,7.3,36.8,108.7,0.355,0.344,6,26,0.13,48.1,45.6
Tyler Freeman,COL,0.255,0.327,0.335,6.4,31.9,108.2,0.328,0.318,6,22,0.205,46.8,38.7
Willi Castro,COL,0.269,0.436,0.349,7.6,38.0,108.8,0.342,0.332,6,38,0.41,66.4,48.4
Ben Malgeri,DET,0.273,0.4,0.395,7.7,38.5,108.8,0.387,0.375,6,15,0.482,58.9,47.0
Colt Keith,DET,0.274,0.429,0.332,7.4,36.8,108.7,0.325,0.315,6,39,0.477,70.8,47.2
Dillon Dingler,DET,0.28,0.539,0.354,8.7,43.4,109.3,0.347,0.336,6,55,0.379,74.5,57.4
Eduardo Valencia,DET,0.417,0.863,0.444,12.8,64.1,111.4,0.435,0.422,6,22,0.424,73.9,88.0
Gleyber Torres,DET,0.273,0.417,0.402,7.9,39.7,109.0,0.394,0.382,6,54,0.367,72.7,48.6
Hao-Yu Lee,DET,0.271,0.432,0.311,7.2,35.9,108.6,0.305,0.295,6,28,0.372,59.7,46.8
Javier Báez,DET,0.285,0.41,0.32,7.0,35.2,108.5,0.314,0.304,6,23,0.406,60.3,45.1
Kevin McGonigle,DET,0.287,0.432,0.403,8.1,40.5,109.0,0.395,0.383,6,56,0.39,76.2,50.0
Max Clark,DET,0.373,0.642,0.515,11.3,56.6,110.7,0.505,0.489,6,24,0.515,75.0,71.7
Riley Greene,DET,0.281,0.468,0.383,8.3,41.3,109.2,0.375,0.364,6,49,0.321,68.7,52.4
Spencer Torkelson,DET,0.223,0.431,0.321,7.3,36.3,108.7,0.315,0.305,6,50,0.335,64.0,47.0
Zach McKinstry,DET,0.224,0.34,0.31,6.2,31.2,108.1,0.304,0.294,6,39,0.477,65.8,38.8
Cam Smith,HOU,0.222,0.382,0.304,6.6,33.1,108.3,0.298,0.289,8,44,0.356,62.0,42.2
Christian Vázquez,HOU,0.223,0.34,0.287,6.0,30.1,108.0,0.281,0.273,6,17,0.368,49.2,38.0
Christian Walker,HOU,0.245,0.47,0.33,7.8,38.8,108.9,0.323,0.314,6,50,0.375,68.2,50.7
Daulton Varsho,HOU,0.247,0.38,0.326,6.8,34.1,108.4,0.319,0.31,4,36,0.376,61.5,42.9
Isaac Paredes,HOU,0.254,0.422,0.361,7.6,37.9,108.8,0.354,0.343,9,53,0.298,66.8,47.6
Jeremy Peña,HOU,0.316,0.519,0.384,8.8,43.9,109.4,0.376,0.365,1,60,0.415,82.3,56.7
Jose Altuve,HOU,0.249,0.408,0.32,7.0,35.1,108.5,0.314,0.304,3,53,0.355,69.2,45.0
LaMonte Wade Jr.,HOU,0.234,0.381,0.372,7.3,36.4,108.7,0.365,0.353,7,28,0.479,61.4,44.5
Taylor Trammell,HOU,0.237,0.41,0.335,7.2,36.0,108.6,0.328,0.318,5,44,0.424,66.9,45.7
Yainer Diaz,HOU,0.265,0.424,0.299,7.0,34.9,108.5,0.293,0.284,9,34,0.397,63.4,45.6
Yordan Alvarez,HOU,0.334,0.65,0.457,10.8,54.1,110.4,0.448,0.434,2,58,0.532,89.0,70.3
Carter Jensen,KC,0.233,0.426,0.317,7.2,35.9,108.6,0.311,0.301,6,51,0.27,62.3,46.5
Isaac Collins,KC,0.246,0.38,0.355,7.1,35.5,108.5,0.348,0.337,6,42,0.325,61.9,43.9
Jac Caglianone,KC,0.259,0.465,0.325,7.6,38.2,108.8,0.319,0.309,6,43,0.271,61.0,50.0
John Rave,KC,0.283,0.621,0.365,9.6,48.0,109.8,0.358,0.347,6,20,0.383,57.4,64.7
Josh Rojas,KC,0.235,0.338,0.281,5.9,29.7,108.0,0.275,0.267,6,19,0.293,47.6,37.7
Michael Massey,KC,0.272,0.442,0.316,7.3,36.6,108.7,0.31,0.3,6,40,0.265,60.5,47.7
Nick Loftin,KC,0.255,0.411,0.348,7.3,36.7,108.7,0.341,0.331,6,45,0.356,65.8,46.2
Salvador Perez,KC,0.219,0.386,0.276,6.4,31.9,108.2,0.27,0.262,6,50,0.295,61.6,41.7
Starling Marte,KC,0.26,0.324,0.326,6.2,31.2,108.1,0.319,0.31,6,18,0.182,44.1,38.0
Tyler Tolbert,KC,0.33,0.485,0.383,8.4,42.1,109.2,0.375,0.364,6,22,0.396,63.8,53.7
Alex Call,LAD,0.251,0.33,0.371,6.8,33.8,108.4,0.364,0.352,3,6,0.348,45.5,40.2
Andy Pages,LAD,0.273,0.461,0.347,7.8,39.1,108.9,0.34,0.33,2,53,0.355,71.5,50.4
Ben Rortvedt,LAD,0.005,0.01,0.015,0.0,0.0,105.0,0.015,0.014,4,2,0.015,2.2,0.5
Freddie Freeman,LAD,0.315,0.495,0.4,8.7,43.5,109.3,0.392,0.38,5,47,0.504,80.2,55.2
Kyle Tucker,LAD,0.248,0.389,0.354,7.2,35.9,108.6,0.347,0.336,8,44,0.447,69.2,44.6
Max Muncy,LAD,0.258,0.504,0.362,8.4,42.0,109.2,0.355,0.344,9,39,0.271,58.9,54.6
Miguel Rojas,LAD,0.288,0.413,0.337,7.2,36.2,108.6,0.33,0.32,9,16,0.203,46.9,46.0
Mookie Betts,LAD,0.238,0.407,0.303,6.9,34.2,108.5,0.297,0.288,9,46,0.254,59.5,44.3
Shohei Ohtani,LAD,0.302,0.564,0.414,9.5,47.6,109.8,0.406,0.393,1,50,0.475,79.0,61.5
Teoscar Hernández,LAD,0.26,0.425,0.337,7.4,36.8,108.7,0.33,0.32,9,44,0.379,67.0,47.0
Tommy Edman,LAD,0.294,0.448,0.379,8.0,40.1,109.0,0.371,0.36,7,45,0.215,62.6,50.5
Andrés Chaparro,WSH,0.216,0.488,0.351,8.1,40.7,109.0,0.344,0.333,6,28,0.336,52.4,52.9
Brady House,WSH,0.237,0.417,0.297,6.9,34.4,108.5,0.291,0.282,6,32,0.296,54.5,45.0
CJ Abrams,WSH,0.295,0.566,0.38,9.2,46.0,109.6,0.372,0.361,6,57,0.419,79.0,60.5
Daylen Lile,WSH,0.248,0.423,0.31,7.1,35.4,108.5,0.304,0.294,6,46,0.298,62.7,45.9
Dylan Crews,WSH,0.226,0.384,0.317,6.8,33.8,108.4,0.311,0.301,6,49,0.362,65.2,42.9
Harry Ford,WSH,0.184,0.367,0.358,7.0,35.0,108.5,0.351,0.34,6,22,0.333,46.0,42.9
Jacob Young,WSH,0.242,0.396,0.319,6.9,34.5,108.5,0.313,0.303,6,36,0.486,66.5,44.0
Jorbit Vivas,WSH,0.241,0.337,0.339,6.5,32.5,108.2,0.332,0.322,6,25,0.295,51.3,39.6
José Tena,WSH,0.241,0.394,0.32,6.9,34.4,108.5,0.314,0.304,6,24,0.265,49.3,43.8
Keibert Ruiz,WSH,0.271,0.446,0.315,7.4,36.8,108.7,0.309,0.299,6,32,0.296,57.9,48.1
Nasim Nuñez,WSH,0.24,0.284,0.333,5.9,29.6,108.0,0.326,0.316,6,47,0.228,58.9,34.9
A.J. Ewing,NYM,0.269,0.411,0.345,7.3,36.5,108.7,0.338,0.328,6,51,0.27,65.9,46.1
Bo Bichette,NYM,0.261,0.378,0.314,6.7,33.4,108.3,0.308,0.298,6,52,0.265,65.3,42.3
Brett Baty,NYM,0.224,0.34,0.305,6.2,31.0,108.1,0.299,0.29,6,20,0.215,43.2,38.7
Carson Benge,NYM,0.268,0.413,0.34,7.3,36.4,108.7,0.333,0.323,6,45,0.348,66.7,46.1
Francisco Alvarez,NYM,0.256,0.44,0.35,7.6,38.2,108.8,0.343,0.332,6,38,0.41,65.1,48.7
Francisco Lindor,NYM,0.233,0.421,0.326,7.2,36.1,108.6,0.319,0.31,6,54,0.311,65.8,46.3
Jared Young,NYM,0.255,0.439,0.347,7.6,38.0,108.8,0.34,0.33,6,35,0.386,62.3,48.5
Jorge Polanco,NYM,0.149,0.253,0.217,4.5,22.2,107.2,0.213,0.206,6,29,0.158,37.3,28.2
Luis Robert Jr.,NYM,0.194,0.317,0.295,5.9,29.3,108.0,0.289,0.28,6,35,0.215,47.7,36.4
Luis Torrens,NYM,0.234,0.35,0.308,6.3,31.6,108.2,0.302,0.293,6,19,0.331,49.5,39.6
Marcus Semien,NYM,0.213,0.353,0.283,6.1,30.5,108.0,0.277,0.269,6,39,0.297,55.6,39.0
